course_run_id,course_id,instructor_id,start_date,num_weeks,num_TAs,nps
1,21,64,2016-11-21 07:26:00,5,1,83
2,22,190,2021-12-04 05:32:00,2,2,60
3,7,,2017-11-10 20:03:00,1,2,80
4,14,182,2017-10-06 03:04:00,5,1,65
5,11,182,2018-03-22 22:34:00,4,1,62
6,12,174,2022-10-12 09:04:00,5,1,77
7,13,157,2016-08-18 06:06:00,5,3,87
8,19,179,2017-07-15 20:49:00,2,1,84
9,3,82,2022-11-04 05:42:00,2,2,80
10,6,12,2018-12-17 16:03:00,4,2,89
11,20,77,2021-01-29 09:45:00,4,1,58
12,8,100,2021-06-23 10:37:00,1,2,85
13,13,25,2018-02-21 08:08:00,4,4,60
14,21,78,2019-12-29 18:05:00,8,1,67
15,18,63,2018-02-06 17:33:00,7,2,57
16,17,184,2019-12-13 01:16:00,1,1,75
17,20,180,2016-07-04 15:05:00,7,4,66
18,18,24,2022-11-20 04:44:00,1,4,91
19,25,55,2018-02-18 15:55:00,6,1,65
20,1,,2023-08-19 01:11:00,5,3,86
21,21,11,2018-05-22 01:20:00,4,1,75
22,25,182,2023-05-19 08:26:00,1,2,60
23,12,123,2023-01-11 14:59:00,5,1,88
24,3,133,2021-11-08 15:12:00,2,3,54
25,18,94,2017-04-27 12:02:00,7,2,74
26,23,105,2018-06-29 20:02:00,6,3,74
27,8,84,2017-10-18 13:35:00,6,1,77
28,1,111,2016-07-26 10:37:00,1,1,51
29,3,55,2020-02-11 08:44:00,8,1,67
30,8,184,2022-04-11 15:46:00,7,1,81
31,12,113,2019-05-22 16:43:00,8,1,80
32,2,96,2019-03-22 11:01:00,6,1,66
33,15,99,2017-02-13 14:42:00,3,2,97
34,15,143,2022-06-19 00:58:00,2,1,97
35,3,175,2023-05-30 20:14:00,4,1,75
36,13,166,2023-03-21 22:29:00,3,1,72
37,15,162,2018-04-13 11:57:00,8,1,66
38,19,58,2021-11-19 19:46:00,1,1,68
39,17,44,2023-05-10 10:46:00,3,1,82
40,3,24,2020-10-04 16:37:00,8,1,78
41,20,29,2016-08-27 13:20:00,6,1,82
42,8,55,2018-02-15 03:01:00,3,3,84
43,25,81,2023-06-27 05:09:00,1,3,88
44,3,31,2020-04-19 23:13:00,7,1,88
45,12,111,2018-04-12 17:36:00,8,3,79
46,1,46,2021-05-05 11:54:00,5,1,88
47,9,169,2016-12-03 06:47:00,2,1,59
48,23,,2018-09-28 21:30:00,5,2,78
49,3,157,2021-01-27 09:05:00,5,1,94
50,21,26,2023-11-02 23:15:00,3,3,72
51,18,34,2016-01-29 06:07:00,2,4,77
52,12,94,2020-08-29 02:13:00,9,1,49
53,12,19,2017-09-05 20:15:00,4,1,84
54,14,153,2023-10-16 13:13:00,3,2,95
55,14,35,2016-03-13 10:14:00,6,3,87
56,9,184,2017-04-10 04:14:00,2,3,77
57,8,146,2017-08-06 03:39:00,8,2,85
58,8,142,2016-03-10 03:33:00,4,2,87
59,25,16,2018-03-26 14:29:00,7,5,77
60,1,40,2016-12-03 00:41:00,5,2,78
61,4,120,2020-10-09 04:20:00,8,1,63
62,19,54,2017-07-09 09:51:00,1,3,66
63,22,188,2021-10-03 04:10:00,4,2,71
64,20,169,2018-07-06 06:16:00,2,4,86
65,22,129,2019-04-08 07:46:00,7,2,64
66,14,128,2021-04-26 22:09:00,7,4,65
67,13,11,2020-05-20 01:44:00,7,1,53
68,15,176,2019-07-15 23:47:00,4,2,88
69,22,103,2016-09-04 18:33:00,6,2,84
70,22,,2018-06-26 01:06:00,4,1,57
71,20,155,2022-10-18 22:23:00,2,2,80
72,23,116,2021-07-27 17:55:00,8,2,70
73,25,20,2022-11-19 04:57:00,2,2,95
74,15,157,2016-05-26 17:43:00,4,1,85
75,22,89,2020-03-31 23:12:00,13,1,73
76,15,157,2023-03-06 15:23:00,8,2,67
77,25,58,2022-03-22 08:46:00,8,2,74
78,23,59,2018-04-14 21:33:00,5,2,77
79,5,39,2017-03-16 17:27:00,7,2,56
80,14,78,2019-04-06 00:07:00,8,1,86
81,13,166,2023-03-28 22:29:00,1,2,60
82,10,,2022-01-10 15:41:00,7,3,67
83,16,102,2017-10-03 03:36:00,7,1,80
84,24,161,2017-04-27 06:16:00,8,2,87
85,13,157,2020-09-25 12:15:00,9,1,54
86,2,56,2018-01-30 04:14:00,6,2,80
87,9,168,2022-01-06 08:56:00,7,2,75
88,24,,2020-04-25 04:22:00,7,1,84
89,8,121,2017-08-05 12:46:00,1,2,74
90,22,45,2016-11-30 05:54:00,4,3,74
91,6,,2020-11-05 10:02:00,3,1,53
92,19,88,2021-06-02 05:00:00,7,3,76
93,19,56,2021-07-10 23:24:00,4,2,79
94,19,128,2022-04-05 20:38:00,6,2,71
95,17,179,2021-03-07 02:54:00,1,3,73
96,12,128,2021-01-31 04:18:00,8,2,65
97,21,119,2018-02-28 04:20:00,8,2,83
98,11,174,2022-10-24 16:55:00,2,2,67
99,19,91,2020-11-18 09:20:00,13,1,77
100,16,94,2017-09-11 19:33:00,5,2,89
101,18,45,2016-01-30 15:53:00,4,1,63
102,18,108,2022-01-24 08:33:00,8,3,74
103,3,152,2018-05-09 18:09:00,7,2,91
104,16,113,2020-06-05 05:56:00,12,1,67
105,23,108,2019-08-18 20:14:00,5,1,83
106,11,66,2016-12-15 08:08:00,3,1,75
107,24,32,2020-09-18 18:32:00,9,1,59
108,6,69,2018-06-02 05:25:00,3,1,51
109,10,155,2021-07-30 20:28:00,3,4,75
110,1,97,2020-08-04 09:58:00,9,1,55
111,16,25,2016-11-29 08:42:00,2,2,78
112,5,93,2017-03-11 22:56:00,5,2,53
113,25,142,2019-05-01 01:27:00,4,2,89
114,10,87,2022-11-18 09:45:00,7,2,61
115,25,,2017-08-30 03:45:00,4,2,55
116,6,46,2020-05-31 22:06:00,11,1,82
117,2,62,2017-11-07 08:58:00,5,4,72
118,9,85,2022-04-21 00:47:00,4,1,67
119,9,33,2022-08-12 09:58:00,2,1,69
120,15,184,2016-12-29 08:41:00,5,3,68
121,18,19,2019-12-13 20:52:00,2,1,83
122,20,48,2018-01-01 13:48:00,2,2,96
123,25,102,2021-05-18 09:45:00,5,1,74
124,16,22,2020-02-25 09:53:00,15,1,68
125,3,40,2019-10-05 08:53:00,7,2,73
126,11,172,2019-04-17 19:50:00,8,2,62
127,2,52,2019-08-22 00:01:00,6,1,94
128,17,,2022-08-07 10:29:00,1,4,74
129,2,120,2017-07-02 02:47:00,6,4,80
130,25,177,2016-05-30 19:26:00,5,1,59
131,23,30,2019-11-17 07:52:00,1,3,67
132,10,133,2020-05-28 13:14:00,9,1,76
133,4,49,2021-03-07 14:34:00,3,4,79
134,23,151,2018-03-09 22:44:00,8,2,77
135,13,19,2017-07-10 23:08:00,3,1,100
136,11,82,2023-06-22 20:57:00,5,1,69
137,5,111,2019-07-28 19:28:00,8,2,84
138,13,94,2019-08-23 12:24:00,6,2,57
139,8,13,2022-11-06 06:27:00,7,1,75
140,13,188,2023-11-28 03:28:00,3,4,64
141,19,79,2018-08-28 02:07:00,2,1,89
142,1,87,2021-10-11 23:31:00,7,4,62
143,9,103,2018-09-16 06:37:00,7,1,70
144,13,163,2023-08-19 23:53:00,8,1,52
145,21,143,2021-06-22 19:34:00,5,2,73
146,25,183,2021-01-25 19:27:00,2,1,79
147,2,49,2018-08-05 19:45:00,1,2,63
148,8,131,2020-04-01 01:37:00,10,1,59
149,16,34,2023-04-21 06:51:00,3,2,68
150,9,122,2021-05-02 12:12:00,8,2,65
151,15,,2023-07-24 23:28:00,5,4,72
152,15,132,2022-10-05 23:27:00,4,3,63
153,13,,2020-07-29 03:47:00,12,1,66
154,1,150,2020-07-11 15:28:00,6,1,86
155,20,128,2022-06-01 05:52:00,4,2,68
156,21,87,2016-10-10 21:55:00,1,2,51
157,24,61,2017-01-18 23:39:00,5,2,75
158,5,105,2022-04-17 04:33:00,6,2,68
159,9,150,2023-04-24 20:24:00,8,2,80
160,15,14,2023-09-14 13:45:00,3,2,93
161,18,121,2018-12-04 19:04:00,7,1,73
162,12,33,2021-05-20 00:06:00,5,2,80
163,4,152,2021-05-25 20:55:00,8,1,77
164,20,108,2017-10-08 20:02:00,2,4,99
165,21,42,2019-04-08 00:58:00,3,1,69
166,4,58,2016-10-10 23:53:00,3,2,91
167,14,156,2020-09-12 05:00:00,11,1,76
168,9,63,2016-04-05 14:20:00,6,2,77
169,4,150,2023-11-06 06:28:00,6,4,70
170,2,158,2019-03-09 08:44:00,4,2,86
171,3,,2021-04-20 14:38:00,1,1,77
172,19,47,2017-08-22 14:39:00,4,2,97
173,11,168,2022-03-12 16:54:00,1,2,74
174,18,119,2018-01-02 09:53:00,3,2,70
175,1,70,2018-11-12 18:49:00,4,2,65
176,2,163,2017-01-05 09:20:00,7,1,72
177,15,163,2022-03-23 08:46:00,2,2,79
178,24,163,2022-04-07 14:07:00,5,3,70
179,16,103,2022-10-11 19:20:00,7,1,82
180,3,36,2023-03-12 15:45:00,6,1,64
181,20,45,2021-01-23 20:24:00,6,3,66
182,15,132,2020-01-17 05:17:00,11,1,53
183,15,39,2023-02-08 00:02:00,7,3,62
184,24,49,2016-10-04 20:11:00,7,2,71
185,22,31,2023-05-20 23:04:00,2,2,62
186,4,61,2021-12-15 16:31:00,6,1,68
187,18,171,2018-08-21 05:25:00,2,2,91
188,24,32,2016-05-30 07:49:00,5,2,63
189,7,163,2017-03-28 02:55:00,8,2,61
190,12,125,2016-12-01 16:41:00,5,2,73
191,25,128,2022-07-19 10:37:00,1,4,96
192,1,153,2017-06-11 04:13:00,5,2,65
193,19,,2021-04-04 18:15:00,2,2,60
194,24,60,2020-03-30 01:41:00,13,1,55
195,24,186,2018-08-05 20:19:00,2,1,84
196,22,56,2016-08-26 09:09:00,8,3,69
197,14,55,2018-03-09 04:39:00,2,2,79
198,17,39,2021-05-03 08:39:00,1,2,79
199,1,13,2017-08-20 07:47:00,4,2,79
200,4,131,2016-01-23 14:05:00,7,1,67
201,17,62,2020-06-20 14:09:00,7,1,73
202,1,187,2019-09-05 09:38:00,2,2,78
203,23,87,2021-02-13 11:51:00,5,1,70
204,20,99,2019-09-06 09:40:00,6,1,63
205,14,25,2020-09-16 16:21:00,8,1,63
206,11,183,2022-03-26 13:58:00,2,3,86
207,7,22,2023-04-01 02:32:00,6,2,86
208,8,11,2016-10-27 09:29:00,5,1,54
209,6,63,2023-08-11 16:12:00,8,3,94
210,22,23,2023-05-24 09:04:00,6,2,74
211,16,141,2019-07-16 03:10:00,5,2,81
212,3,183,2018-06-26 00:17:00,8,1,96
213,3,133,2021-02-26 17:09:00,2,3,62
214,19,,2020-06-07 17:05:00,5,1,78
215,20,150,2019-10-21 18:54:00,3,1,95
216,23,65,2016-09-03 09:50:00,3,1,94
217,17,,2020-03-07 11:16:00,10,1,49
218,25,,2018-09-15 17:00:00,1,3,62
219,4,146,2020-06-18 08:50:00,10,1,77
220,3,136,2020-08-29 18:21:00,10,1,70
221,20,118,2021-09-02 05:06:00,2,2,80
222,5,55,2021-05-12 01:55:00,2,3,86
223,1,17,2018-11-25 12:15:00,3,1,74
224,7,24,2017-10-23 23:01:00,3,1,97
225,17,63,2022-03-02 11:53:00,1,2,84
226,20,170,2019-01-05 18:36:00,3,2,84
227,24,27,2019-07-02 21:09:00,7,2,67
228,20,93,2018-04-12 13:25:00,8,2,59
229,7,112,2018-12-10 19:57:00,8,3,84
230,17,142,2020-03-21 05:41:00,8,1,54
231,21,123,2019-11-05 06:51:00,6,4,82
232,4,137,2018-04-12 22:54:00,3,2,76
233,14,108,2016-09-24 23:42:00,4,3,89
234,14,67,2016-06-04 14:48:00,6,2,52
235,8,112,2016-03-23 08:45:00,2,3,95
236,5,126,2016-04-21 22:08:00,8,4,84
237,15,60,2020-12-03 01:08:00,5,1,86
238,24,75,2020-11-14 03:32:00,12,1,67
239,2,47,2017-11-27 17:17:00,8,1,100
240,20,18,2020-04-15 08:22:00,5,1,63
241,8,145,2020-07-25 11:30:00,9,1,66
242,17,103,2020-05-08 19:22:00,8,1,51
243,9,13,2021-12-23 15:48:00,6,1,100
244,25,186,2020-08-27 07:42:00,12,1,67
245,25,117,2021-06-23 15:24:00,8,2,54
246,23,143,2022-03-18 00:40:00,8,1,71
247,2,39,2018-07-11 04:06:00,5,2,96
248,16,105,2018-01-10 04:23:00,4,2,84
249,21,60,2018-08-27 21:13:00,2,2,62
250,13,30,2018-09-17 15:57:00,3,3,71
251,9,93,2022-05-29 22:54:00,7,1,96
252,18,52,2018-05-08 09:15:00,2,1,69
253,15,128,2020-10-26 20:38:00,15,1,61
254,24,117,2022-12-17 05:57:00,6,4,78
255,3,163,2021-05-15 04:46:00,7,2,93
256,1,188,2017-02-21 04:51:00,8,1,87
257,12,170,2019-01-23 16:49:00,1,2,74
258,12,115,2019-07-21 04:34:00,2,1,71
259,11,76,2021-03-13 00:23:00,4,1,65
260,17,,2019-02-04 18:39:00,2,2,82
261,7,95,2023-12-21 09:04:00,5,4,75
262,4,85,2017-01-31 14:22:00,2,1,92
263,3,111,2022-06-26 07:39:00,6,2,62
264,18,,2018-04-28 10:31:00,5,2,79
265,12,88,2020-01-26 14:01:00,10,1,47
266,12,164,2020-06-06 20:24:00,9,1,57
267,3,57,2018-06-22 17:56:00,8,2,73
268,5,,2023-10-12 07:01:00,2,2,76
269,5,150,2023-01-09 09:34:00,3,1,89
270,4,110,2020-02-22 21:27:00,9,1,69
271,17,144,2023-02-27 23:21:00,2,1,87
272,5,12,2020-12-31 07:33:00,5,1,68
273,22,133,2020-12-29 17:28:00,7,1,77
274,2,145,2023-08-03 15:40:00,5,2,78
275,20,26,2021-02-10 03:10:00,8,3,80
276,16,30,2017-12-16 12:48:00,7,2,92
277,6,88,2019-07-08 12:39:00,8,2,89
278,11,88,2022-11-22 06:12:00,6,5,61
279,5,,2022-01-31 15:54:00,2,1,63
280,15,118,2017-12-25 10:03:00,2,1,82
281,8,90,2023-09-13 23:13:00,3,3,83
282,7,35,2022-02-07 20:10:00,8,2,88
283,16,,2016-03-08 17:19:00,7,2,77
284,19,139,2018-10-28 03:49:00,1,2,88
285,10,93,2020-04-17 05:02:00,8,1,48
286,12,145,2016-05-12 04:46:00,1,3,81
287,10,,2016-08-02 20:38:00,8,2,69
288,5,179,2023-10-20 04:35:00,7,3,70
289,12,78,2022-01-15 00:11:00,4,3,76
290,2,,2016-04-23 16:58:00,6,2,74
291,5,13,2018-08-16 07:35:00,6,1,69
292,19,165,2018-09-09 21:12:00,8,3,75
293,12,161,2018-08-25 21:10:00,2,2,85
294,20,125,2019-10-18 18:03:00,4,1,75
295,17,108,2021-01-12 00:16:00,7,2,67
296,19,51,2023-08-02 15:43:00,2,1,60
297,5,12,2019-04-21 16:04:00,4,2,79
298,24,126,2021-10-26 11:14:00,3,2,60
299,17,186,2019-01-06 01:58:00,3,3,80
300,12,16,2021-05-28 21:18:00,5,3,67
301,18,11,2018-05-22 05:09:00,5,2,72
302,11,105,2019-11-02 23:39:00,5,1,81
303,13,26,2023-03-02 09:52:00,7,3,85
304,10,145,2016-05-02 22:03:00,2,3,90
305,24,133,2019-10-31 20:52:00,4,2,77
306,5,162,2016-11-15 03:51:00,4,1,88
307,8,59,2021-02-07 01:46:00,1,1,92
308,4,42,2021-06-13 10:37:00,3,1,100
309,14,85,2021-03-22 18:03:00,8,3,84
310,11,169,2018-04-13 23:36:00,1,1,77
311,24,170,2021-10-13 22:47:00,1,1,86
312,2,83,2023-12-23 17:38:00,7,2,83
313,2,,2016-01-28 01:54:00,2,2,80
314,17,,2019-12-14 05:05:00,3,2,66
315,11,103,2017-04-19 19:24:00,8,2,65
316,24,53,2018-09-12 01:00:00,5,3,76
317,20,41,2022-11-06 15:49:00,7,2,52
318,22,171,2016-10-05 17:10:00,3,2,77
319,9,178,2019-01-25 19:18:00,8,2,69
320,9,58,2021-03-25 01:30:00,4,1,84
321,6,159,2019-03-30 15:03:00,5,1,99
322,12,156,2020-11-30 22:26:00,10,1,64
323,23,87,2020-05-23 20:42:00,12,1,76
324,22,120,2022-01-14 08:21:00,2,2,92
325,3,71,2023-05-04 04:31:00,2,1,98
326,7,33,2020-07-31 10:25:00,11,1,66
327,22,114,2017-08-23 04:24:00,8,2,74
328,15,14,2017-01-20 13:00:00,7,2,77
329,22,112,2022-06-15 19:20:00,1,2,70
330,19,,2016-08-01 09:25:00,7,2,87
331,3,103,2023-11-21 11:49:00,8,1,75
332,25,178,2021-02-17 12:51:00,7,3,72
333,13,149,2019-01-02 15:16:00,3,4,63
334,18,93,2019-02-22 12:25:00,3,5,86
335,25,122,2016-03-07 10:23:00,5,3,77
336,18,38,2019-01-13 05:54:00,4,2,54
337,7,107,2023-07-02 02:41:00,2,1,83
338,8,157,2017-08-25 04:06:00,2,1,89
339,8,173,2021-12-03 20:39:00,7,2,56
340,5,178,2020-01-12 09:12:00,11,1,73
341,8,98,2018-05-31 18:08:00,3,3,83
342,9,111,2016-06-27 02:51:00,3,3,67
343,2,76,2023-10-12 00:45:00,7,2,73
344,5,172,2018-05-26 06:35:00,3,2,87
345,10,158,2022-11-10 17:38:00,3,3,87
346,14,52,2020-06-16 09:24:00,9,1,46
347,15,120,2022-10-11 07:45:00,2,3,76
348,9,189,2019-01-07 02:02:00,1,1,94
349,7,56,2019-11-01 18:57:00,6,3,50
350,7,57,2023-09-12 04:33:00,2,3,92
351,13,36,2023-04-27 23:58:00,6,2,77
352,10,101,2018-02-03 06:48:00,8,1,83
353,25,172,2022-09-19 16:39:00,4,2,51
354,24,37,2017-03-02 09:16:00,5,4,88
355,10,114,2017-03-21 08:19:00,6,2,86
356,16,136,2020-05-27 23:27:00,14,1,65
357,6,93,2021-11-11 03:50:00,6,1,87
358,6,85,2023-05-03 04:18:00,1,1,77
359,22,54,2016-05-21 18:13:00,1,1,90
360,3,167,2021-08-28 08:22:00,1,2,61
361,20,76,2021-02-06 10:37:00,8,3,60
362,18,151,2019-04-16 22:20:00,1,3,87
363,1,98,2020-01-07 11:24:00,10,1,53
364,7,37,2020-12-15 23:59:00,7,1,52
365,13,161,2019-09-03 04:35:00,4,2,71
366,21,165,2023-12-07 16:08:00,1,1,62
367,16,62,2016-06-12 23:14:00,1,2,75
368,21,36,2022-04-10 22:43:00,2,4,57
369,23,155,2023-02-06 10:23:00,8,1,52
370,18,128,2020-07-04 13:49:00,2,1,70
371,19,122,2017-02-25 07:52:00,7,1,88
372,19,176,2022-09-04 20:21:00,7,4,70
373,25,28,2021-12-01 12:50:00,2,3,81
374,4,45,2019-07-01 04:07:00,2,2,79
375,25,109,2018-08-11 16:08:00,5,2,71
376,13,,2019-06-15 20:38:00,7,1,59
377,23,121,2016-08-02 18:53:00,5,1,85
378,24,133,2019-02-12 11:24:00,6,1,69
379,12,37,2022-02-02 15:41:00,2,1,73
380,18,105,2020-06-08 22:48:00,9,1,61
381,13,83,2016-02-06 01:26:00,7,3,83
382,8,142,2020-07-29 06:26:00,8,1,54
383,9,48,2019-12-11 21:47:00,2,1,63
384,16,175,2022-04-05 22:50:00,6,2,83
385,20,,2020-12-06 21:44:00,15,1,40
386,20,22,2019-01-15 00:55:00,6,2,86
387,10,,2018-07-25 23:36:00,4,2,62
388,10,19,2021-11-17 07:15:00,8,3,70
389,9,162,2022-07-13 19:07:00,7,1,78
390,19,59,2023-12-24 00:10:00,3,4,50
391,23,23,2017-09-04 14:13:00,5,1,87
392,22,,2019-12-29 23:08:00,5,1,54
393,13,111,2016-08-04 03:02:00,8,2,76
394,18,183,2016-04-17 10:16:00,6,4,77
395,4,164,2022-02-24 21:12:00,6,2,51
396,25,104,2018-08-26 22:13:00,7,1,68
397,17,54,2021-12-22 07:18:00,4,2,74
398,5,98,2018-10-04 23:52:00,1,1,83
399,4,180,2022-08-26 02:38:00,3,2,74
400,17,187,2019-11-12 02:38:00,8,1,72
401,11,122,2016-07-15 06:48:00,1,1,97
402,21,185,2016-11-15 13:23:00,3,2,55
403,6,78,2018-08-25 03:38:00,7,2,72
404,6,156,2021-02-14 11:29:00,7,1,79
405,15,63,2020-09-26 10:01:00,12,1,56
406,19,120,2016-10-24 07:40:00,3,2,64
407,9,178,2021-05-13 18:56:00,8,4,70
408,20,16,2019-02-21 00:19:00,2,2,84
409,22,114,2021-08-24 21:32:00,5,3,81
410,11,148,2016-12-10 09:24:00,5,1,82
411,17,30,2019-02-09 02:09:00,3,2,65
412,21,140,2020-04-19 05:19:00,6,1,59
413,11,69,2022-09-26 06:43:00,1,3,85
414,7,154,2022-07-10 01:27:00,8,3,63
415,16,89,2017-05-03 17:09:00,1,1,58
416,18,185,2018-04-23 11:52:00,8,3,84
417,18,146,2020-02-01 13:48:00,8,1,76
418,25,,2016-05-01 14:04:00,8,2,63
419,24,63,2022-08-22 11:11:00,4,3,71
420,9,135,2018-10-15 13:00:00,2,3,53
421,7,187,2022-06-26 20:56:00,6,3,63
422,20,19,2017-02-10 20:16:00,4,2,78
423,18,110,2018-04-01 07:56:00,3,3,69
424,19,51,2018-02-20 04:14:00,2,2,75
425,2,135,2023-12-10 01:03:00,3,4,57
426,23,32,2018-07-30 04:00:00,4,2,64
427,21,,2019-04-25 08:46:00,8,1,100
428,13,13,2020-02-15 14:56:00,13,1,51
429,11,23,2020-08-27 11:22:00,8,1,70
430,18,88,2019-03-08 03:01:00,7,2,60
431,11,43,2020-05-18 05:47:00,9,1,75
432,2,25,2016-10-17 22:59:00,8,1,100
433,15,121,2019-08-26 22:42:00,7,2,89
434,21,41,2018-06-01 01:13:00,5,1,78
435,12,37,2021-04-25 16:40:00,3,1,79
436,14,79,2021-03-30 07:51:00,2,1,72
437,19,80,2017-10-22 22:19:00,8,1,90
438,14,41,2021-07-20 22:59:00,8,1,62
439,4,56,2018-07-04 14:43:00,5,1,76
440,21,29,2023-12-11 08:53:00,3,1,60
441,15,65,2018-10-23 04:05:00,4,4,89
442,20,176,2021-06-29 03:30:00,4,2,64
443,19,32,2021-11-03 02:04:00,6,2,64
444,9,106,2021-02-26 13:56:00,4,3,83
445,25,179,2023-07-13 10:00:00,1,4,76
446,20,47,2020-01-28 19:47:00,11,1,65
447,13,150,2016-11-25 10:30:00,8,3,66
448,12,181,2023-06-21 22:14:00,3,3,78
449,12,42,2020-05-15 10:52:00,5,1,74
450,19,158,2016-07-16 07:56:00,5,1,61
451,17,48,2018-04-17 02:49:00,7,3,62
452,18,104,2020-12-05 02:08:00,9,1,66
453,18,155,2018-08-12 18:21:00,2,2,83
454,2,178,2017-12-15 08:53:00,7,1,79
455,10,25,2021-04-30 06:49:00,3,1,64
456,6,25,2019-12-21 12:26:00,6,2,96
457,6,52,2018-12-22 14:27:00,5,4,94
458,11,26,2022-06-16 08:50:00,5,1,82
459,16,126,2019-08-23 02:06:00,6,1,88
460,12,186,2017-04-04 15:50:00,2,3,73
461,24,45,2020-01-26 18:52:00,7,1,85
462,5,143,2017-06-06 22:10:00,1,3,92
463,8,151,2018-07-29 07:20:00,7,2,86
464,19,85,2018-12-25 08:17:00,1,1,66
465,13,133,2016-07-20 09:41:00,8,2,69
466,3,55,2020-06-04 03:11:00,6,1,68
467,15,161,2018-12-12 02:17:00,8,2,67
468,5,94,2016-01-19 15:17:00,7,1,71
469,11,127,2016-01-05 06:32:00,7,4,53
470,17,189,2023-11-12 15:55:00,7,4,54
471,3,61,2016-05-08 06:39:00,4,2,98
472,15,16,2023-10-18 15:33:00,2,1,74
473,3,72,2020-09-25 12:27:00,5,1,64
474,9,39,2022-10-22 08:51:00,7,4,80
475,15,153,2018-03-05 15:43:00,2,1,94
476,5,,2016-11-04 17:34:00,8,2,53
477,12,128,2023-09-19 15:53:00,4,2,68
478,3,144,2017-04-05 13:15:00,5,4,61
479,11,53,2017-03-09 09:39:00,4,2,51
480,9,96,2022-07-24 07:14:00,3,1,87
481,18,45,2021-12-25 21:14:00,4,1,75
482,4,111,2016-02-04 22:31:00,4,1,72
483,22,60,2021-01-15 17:30:00,2,3,99
484,1,41,2023-12-23 16:55:00,4,3,74
485,11,128,2016-12-24 00:37:00,8,1,88
486,24,59,2019-02-28 04:28:00,1,2,55
487,7,155,2023-04-08 01:32:00,5,2,54
488,20,180,2020-12-14 05:36:00,12,1,53
489,3,97,2018-03-28 12:08:00,3,1,78
490,8,52,2021-01-17 01:32:00,1,3,71
491,18,85,2022-04-02 08:28:00,6,3,72
492,6,71,2016-03-17 03:45:00,4,1,100
493,2,34,2022-06-20 21:16:00,8,2,88
494,6,156,2016-10-19 14:14:00,4,2,85
495,25,87,2023-12-21 10:57:00,4,4,85
496,12,153,2023-06-25 16:06:00,3,1,80
497,19,187,2016-03-23 10:05:00,6,3,88
498,16,83,2020-05-03 02:06:00,7,1,51
499,1,167,2020-03-18 06:46:00,4,1,56
500,23,65,2017-06-02 12:55:00,6,1,88
501,25,113,2016-11-20 02:39:00,6,1,91
502,19,84,2016-10-22 05:11:00,5,1,65
503,21,97,2023-09-08 01:17:00,6,2,77
504,8,164,2021-04-28 16:23:00,3,2,82
505,5,91,2017-06-03 06:20:00,1,5,82
506,6,11,2020-10-26 04:18:00,12,1,89
507,11,70,2021-12-17 21:25:00,4,3,65
508,23,100,2021-05-11 19:28:00,6,1,56
509,23,48,2016-07-17 02:19:00,5,2,61
510,15,35,2021-11-10 14:40:00,3,2,82
511,18,149,2019-01-01 18:22:00,8,3,71
512,6,22,2019-08-11 15:53:00,1,1,58
513,3,55,2018-09-25 18:19:00,7,2,77
514,11,64,2020-10-01 18:10:00,11,1,70
515,6,175,2016-06-05 11:46:00,6,2,73
516,24,124,2023-05-28 12:36:00,5,2,77
517,2,56,2019-02-22 01:27:00,8,1,70
518,3,,2018-05-10 16:10:00,8,1,76
519,21,154,2018-05-02 16:09:00,2,3,69
520,16,66,2019-11-30 03:22:00,5,1,82
521,12,117,2023-01-31 09:49:00,6,2,58
522,15,98,2018-02-08 15:46:00,5,1,84
523,3,50,2021-05-06 07:23:00,7,2,71
524,17,158,2019-05-08 05:49:00,8,4,75
525,3,66,2019-02-27 14:50:00,1,3,76
526,4,95,2023-08-05 17:19:00,8,2,65
527,7,11,2017-01-03 17:11:00,7,2,63
528,21,182,2017-03-08 02:25:00,5,3,99
529,3,78,2019-02-08 00:37:00,7,2,68
530,15,116,2023-05-03 22:42:00,1,3,76
531,4,46,2019-04-26 00:01:00,3,3,94
532,4,113,2020-07-02 03:53:00,8,1,78
533,9,64,2019-01-24 06:04:00,8,3,61
534,9,77,2019-03-23 11:45:00,7,1,100
535,23,51,2017-11-25 04:58:00,8,2,60
536,10,133,2018-06-27 14:15:00,8,4,87
537,5,34,2018-05-28 00:05:00,8,1,63
538,7,90,2019-07-14 16:42:00,7,3,66
539,2,78,2020-02-14 14:49:00,10,1,76
540,25,141,2022-10-23 11:37:00,1,1,86
541,2,71,2017-12-30 00:15:00,8,1,100
542,9,17,2018-12-12 07:47:00,8,2,89
543,22,145,2016-03-30 07:21:00,6,3,65
544,19,133,2020-05-29 23:55:00,8,1,58
545,1,86,2019-02-03 13:04:00,3,3,66
546,21,119,2017-10-19 18:39:00,4,2,76
547,25,182,2023-09-26 23:27:00,1,3,80
548,20,42,2022-05-29 03:02:00,4,2,69
549,14,81,2023-03-01 14:25:00,6,2,74
550,22,168,2020-03-01 07:17:00,13,1,66
551,21,91,2020-10-01 00:04:00,7,1,65
552,9,167,2021-02-14 19:37:00,5,2,88
553,7,12,2017-03-14 02:15:00,4,1,95
554,22,34,2018-07-22 19:54:00,3,1,75
555,9,169,2023-04-03 23:52:00,7,3,78
556,11,103,2021-10-23 23:28:00,4,3,85
557,22,57,2018-11-13 12:41:00,5,2,88
558,6,123,2018-05-08 10:29:00,8,2,83
559,25,161,2023-04-20 16:32:00,6,1,61
560,24,38,2022-12-21 07:47:00,7,2,88
561,15,132,2022-10-23 05:54:00,8,1,88
562,16,115,2023-02-11 21:39:00,2,2,69
563,2,165,2022-12-19 14:53:00,3,2,60
564,19,90,2023-02-21 21:25:00,8,1,92
565,25,94,2016-08-24 03:09:00,6,4,60
566,1,180,2019-08-13 21:35:00,4,2,75
567,25,168,2022-03-28 10:28:00,3,2,83
568,14,165,2023-09-21 16:29:00,7,1,76
569,1,,2023-02-19 10:36:00,4,1,100
570,8,183,2021-07-19 11:29:00,6,1,72
571,19,137,2018-06-13 11:14:00,2,1,79
572,24,148,2020-02-29 06:47:00,12,1,54
573,12,124,2021-12-31 20:05:00,3,1,67
574,7,75,2021-11-14 23:19:00,3,1,80
575,13,158,2023-01-05 06:16:00,5,3,79
576,22,112,2016-11-11 21:47:00,1,1,93
577,13,174,2016-12-27 03:29:00,5,3,56
578,10,112,2019-05-14 18:52:00,2,3,89
579,14,43,2022-08-24 04:00:00,2,3,73
580,4,143,2022-04-12 01:38:00,8,2,84
581,17,95,2023-10-14 10:55:00,6,3,65
582,18,100,2019-12-21 08:21:00,4,4,60
583,1,116,2016-02-07 06:06:00,2,2,81
584,5,47,2023-08-06 06:44:00,2,4,88
585,21,93,2017-11-06 10:49:00,5,2,73
586,2,18,2022-10-26 06:29:00,6,2,83
587,4,126,2022-10-23 08:09:00,1,1,100
588,11,103,2018-11-10 16:41:00,8,2,83
589,12,144,2022-07-09 07:48:00,3,1,84
590,13,72,2021-07-08 21:28:00,8,3,75
591,4,60,2017-01-22 04:47:00,1,1,99
592,19,22,2021-06-05 06:20:00,3,2,61
593,22,84,2023-01-15 05:08:00,3,3,73
594,15,22,2016-05-14 07:57:00,5,2,82
595,25,54,2021-12-12 20:50:00,4,4,76
596,23,71,2021-08-09 02:16:00,2,3,67
597,12,167,2021-04-23 08:41:00,7,2,77
598,1,73,2021-02-23 00:15:00,3,3,77
599,6,26,2016-08-06 18:09:00,8,1,68
600,17,69,2017-10-12 17:58:00,7,3,62
601,15,78,2022-05-30 06:50:00,8,2,74
602,4,138,2023-11-05 12:27:00,1,1,71
603,18,133,2016-01-01 11:55:00,2,4,90
604,17,75,2020-07-01 03:15:00,12,1,41
605,11,128,2020-06-24 18:15:00,16,1,72
606,4,18,2022-01-27 17:34:00,4,1,96
607,18,14,2020-03-05 05:46:00,5,1,75
608,4,189,2018-01-13 00:48:00,4,1,77
609,7,30,2019-08-28 11:43:00,4,2,74
610,2,154,2023-05-31 14:27:00,2,2,78
611,5,58,2023-09-17 09:11:00,1,3,87
612,19,131,2019-11-12 03:03:00,3,3,83
613,4,86,2019-02-05 23:58:00,6,3,63
614,9,158,2019-03-08 13:49:00,6,2,64
615,14,43,2020-10-26 13:49:00,9,1,60
616,7,188,2020-12-28 19:37:00,8,1,61
617,17,44,2020-05-04 03:50:00,14,1,61
618,22,50,2021-12-25 06:31:00,5,3,66
619,1,173,2019-01-17 21:40:00,1,1,68
620,10,112,2021-06-19 20:47:00,3,1,89
621,25,57,2020-04-30 07:18:00,10,1,77
622,13,29,2017-11-25 06:06:00,5,3,89
623,13,82,2019-05-02 04:57:00,6,1,73
624,7,122,2020-12-18 06:44:00,14,1,72
625,24,108,2020-10-29 02:19:00,6,1,71
626,6,138,2021-11-17 21:38:00,2,1,58
627,9,187,2017-01-15 01:19:00,5,1,100
628,2,37,2017-03-25 02:55:00,6,1,99
629,16,67,2022-04-27 02:40:00,6,1,90
630,8,63,2023-08-28 07:37:00,2,1,77
631,13,82,2016-09-25 15:58:00,4,2,60
632,10,55,2017-09-30 07:08:00,8,4,80
633,4,67,2021-05-08 15:18:00,8,2,69
634,2,17,2021-06-17 09:57:00,6,3,63
635,9,60,2020-04-27 13:45:00,11,1,86
636,17,35,2019-07-25 22:00:00,1,3,76
637,17,42,2016-08-28 14:44:00,2,2,94
638,18,12,2016-01-22 10:05:00,2,2,94
639,22,161,2019-05-24 12:57:00,2,2,82
640,21,66,2022-07-14 13:20:00,2,2,74
641,2,134,2016-09-12 17:40:00,1,2,77
642,19,181,2022-07-28 18:30:00,5,2,90
643,14,138,2018-07-13 12:48:00,7,1,60
644,25,18,2021-12-19 16:02:00,1,4,81
645,4,41,2018-04-26 21:40:00,5,1,74
646,13,18,2019-02-28 12:30:00,1,1,77
647,24,151,2019-02-16 11:31:00,5,1,81
648,1,160,2020-06-05 09:32:00,10,1,68
649,18,54,2023-07-30 01:45:00,5,2,88
650,7,52,2019-04-20 18:38:00,3,1,79
651,7,115,2016-11-30 22:15:00,1,2,77
652,10,117,2021-05-16 15:56:00,5,1,68
653,11,20,2018-11-09 13:24:00,4,1,62
654,11,48,2019-11-20 16:28:00,6,3,82
655,19,102,2020-07-14 08:53:00,10,1,70
656,23,62,2021-12-01 17:49:00,7,2,54
657,16,149,2019-09-14 10:37:00,6,2,73
658,21,68,2020-11-07 13:34:00,10,1,56
659,24,131,2016-08-08 07:39:00,1,3,86
660,25,127,2020-09-20 02:03:00,9,1,68
661,12,92,2019-02-20 21:07:00,5,1,76
662,13,80,2018-11-29 05:10:00,1,2,85
663,25,69,2020-02-11 07:22:00,11,1,68
664,12,73,2016-04-28 02:34:00,8,1,71
665,2,56,2021-05-07 14:33:00,6,2,84
666,2,86,2023-11-05 06:47:00,6,2,86
667,24,145,2018-02-08 09:50:00,3,2,61
668,17,178,2018-01-05 03:15:00,4,2,86
669,16,188,2022-05-05 03:28:00,1,3,74
670,8,38,2016-08-13 06:03:00,5,1,55
671,20,149,2021-09-26 22:59:00,2,2,85
672,24,17,2016-11-27 04:13:00,8,2,65
673,1,187,2017-12-13 00:07:00,3,3,64
674,2,19,2023-02-15 21:50:00,3,1,89
675,17,31,2023-08-31 23:19:00,1,4,86
676,3,129,2017-09-24 21:16:00,8,1,86
677,20,137,2017-02-21 00:07:00,3,3,68
678,24,180,2021-06-26 07:07:00,8,3,77
679,13,85,2017-01-21 07:51:00,1,2,99
680,22,182,2019-05-11 15:23:00,3,1,75
681,18,94,2020-01-10 17:28:00,3,1,54
682,17,128,2019-05-14 05:43:00,1,3,77
683,25,108,2019-01-18 23:21:00,2,1,85
684,3,32,2018-04-07 16:55:00,7,1,82
685,19,75,2020-03-06 20:43:00,7,1,82
686,12,111,2016-11-07 10:28:00,7,3,68
687,14,133,2020-07-07 23:11:00,12,1,56
688,18,113,2019-11-10 18:29:00,6,3,68
689,19,150,2018-10-03 05:01:00,7,2,97
690,24,133,2017-11-02 09:24:00,3,1,62
691,18,72,2020-11-29 04:22:00,2,1,70
692,5,122,2019-10-10 05:10:00,7,1,67
693,3,43,2020-11-14 13:58:00,12,1,66
694,25,23,2022-07-24 16:59:00,8,1,87
695,10,139,2017-07-23 01:11:00,4,2,51
696,8,93,2021-03-28 23:10:00,3,2,84
697,12,150,2021-05-10 18:03:00,7,2,50
698,3,140,2020-05-24 21:49:00,10,1,58
699,15,72,2023-06-09 14:57:00,1,1,76
700,18,28,2016-07-30 12:17:00,5,3,85
701,9,78,2023-01-04 00:02:00,5,3,72
702,25,154,2017-12-11 20:16:00,6,3,78
703,16,33,2016-12-05 17:40:00,2,2,57
704,11,80,2019-04-20 02:36:00,6,3,72
705,8,11,2018-04-19 11:03:00,7,4,60
706,18,164,2023-06-14 12:56:00,8,2,78
707,6,130,2023-07-30 11:29:00,4,3,67
708,9,51,2017-08-27 04:58:00,4,2,71
709,25,79,2016-11-07 17:55:00,2,4,75
710,25,188,2022-11-09 09:56:00,1,2,70
711,19,114,2022-12-13 13:00:00,8,2,89
712,9,188,2019-03-08 14:29:00,3,1,83
713,18,24,2016-04-05 03:34:00,6,3,84
714,15,145,2023-10-24 08:28:00,8,2,60
715,13,127,2020-08-24 16:56:00,9,1,48
716,9,,2017-11-23 22:06:00,8,2,75
717,14,97,2017-09-07 04:13:00,6,3,68
718,6,22,2020-07-27 15:49:00,8,1,75
719,14,162,2022-11-07 03:12:00,4,2,83
720,16,190,2022-06-12 03:54:00,3,2,88
721,18,17,2021-10-06 11:26:00,8,1,87
722,13,28,2016-10-16 04:55:00,3,1,88
723,21,153,2016-10-08 09:28:00,6,2,77
724,9,,2018-10-02 13:52:00,7,1,91
725,19,149,2020-08-09 18:19:00,11,1,81
726,3,76,2019-01-18 11:45:00,5,3,64
727,21,110,2022-06-18 03:34:00,6,2,88
728,3,156,2016-08-19 03:58:00,6,1,80
729,23,,2018-02-20 13:18:00,7,2,74
730,24,21,2020-09-10 23:30:00,9,1,77
731,24,74,2017-11-16 13:56:00,5,4,66
732,13,179,2016-10-27 23:51:00,2,2,70
733,17,111,2022-02-13 07:39:00,2,1,74
734,21,,2023-06-15 02:29:00,7,1,93
735,15,44,2021-01-04 13:49:00,3,3,70
736,22,,2018-11-08 16:34:00,6,2,77
737,9,75,2020-05-21 20:22:00,11,1,78
738,17,83,2021-02-12 10:56:00,5,2,67
739,15,35,2018-06-18 14:11:00,7,1,60
740,17,172,2022-07-10 12:56:00,3,2,77
741,23,164,2023-05-18 08:12:00,8,1,63
742,20,159,2017-11-06 14:40:00,1,2,73
743,14,181,2019-02-27 11:10:00,3,4,72
744,8,90,2018-02-07 10:17:00,7,2,74
745,10,171,2021-03-09 18:59:00,5,1,62
746,5,131,2018-04-26 04:44:00,8,3,72
747,7,137,2018-07-25 22:06:00,3,1,70
748,4,15,2018-04-04 08:08:00,3,3,70
749,3,32,2017-03-16 07:09:00,8,1,69
750,12,114,2019-09-16 21:15:00,1,1,94
751,2,37,2018-02-17 17:22:00,7,1,85
752,9,161,2022-07-16 00:08:00,1,2,82
753,13,76,2022-03-03 12:28:00,8,2,61
754,15,114,2021-11-18 14:42:00,2,3,76
755,13,167,2021-06-14 04:10:00,5,1,83
756,24,82,2023-07-02 03:26:00,2,2,69
757,12,128,2023-02-06 07:57:00,4,1,73
758,1,52,2017-05-04 00:39:00,5,1,95
759,1,190,2023-10-01 22:26:00,8,3,81
760,8,178,2017-04-05 19:05:00,2,3,99
761,2,51,2018-11-04 19:44:00,3,3,53
762,16,121,2017-11-10 21:00:00,6,3,60
763,12,41,2021-10-17 16:39:00,5,1,74
764,10,118,2020-05-04 20:51:00,14,1,57
765,24,118,2019-09-30 15:35:00,3,1,84
766,9,60,2020-05-01 13:44:00,15,1,76
767,1,124,2020-12-15 20:44:00,8,1,83
768,13,184,2017-07-08 19:10:00,8,1,69
769,14,68,2021-02-15 17:18:00,2,1,72
770,5,133,2017-06-05 23:35:00,1,1,76
771,2,189,2020-07-26 11:56:00,12,1,79
772,12,16,2017-10-06 22:51:00,2,1,86
773,3,,2019-09-29 16:03:00,1,2,88
774,12,90,2022-05-09 19:07:00,1,2,61
775,10,128,2016-08-15 17:27:00,4,1,83
776,18,82,2019-01-30 22:30:00,4,3,68
777,18,45,2021-12-29 03:29:00,7,2,68
778,22,23,2019-09-02 09:09:00,7,1,65
779,13,60,2020-01-14 17:05:00,9,1,64
780,18,149,2023-12-07 01:18:00,6,2,70
781,24,177,2018-08-03 02:58:00,4,3,82
782,24,156,2018-01-12 10:46:00,8,3,60
783,10,125,2020-10-06 19:39:00,7,1,57
784,1,,2022-03-04 09:21:00,5,3,88
785,4,164,2016-04-20 06:23:00,6,1,61
786,8,40,2018-01-18 17:52:00,5,1,68
787,24,136,2016-08-13 14:00:00,6,1,86
788,20,74,2021-02-19 16:01:00,1,4,82
789,25,49,2016-06-12 09:45:00,6,3,73
790,4,23,2022-12-16 12:22:00,4,4,89
791,21,33,2022-03-21 14:48:00,7,1,71
792,18,78,2020-07-08 16:12:00,7,1,54
793,15,163,2022-01-08 19:10:00,2,2,85
794,5,16,2017-01-21 06:09:00,2,2,71
795,13,156,2018-02-06 04:40:00,7,2,82
796,25,150,2017-01-29 02:13:00,4,2,68
797,18,134,2020-12-04 22:37:00,11,1,64
798,22,,2023-05-24 07:56:00,2,2,73
799,12,76,2017-07-10 14:40:00,6,3,84
800,6,84,2023-11-25 22:02:00,8,1,61
801,7,72,2021-06-25 14:51:00,3,4,63
802,8,112,2023-08-04 19:18:00,3,1,92
803,10,126,2019-08-08 01:55:00,1,1,87
804,7,34,2020-05-15 15:38:00,8,1,63
805,13,51,2020-08-30 12:58:00,5,1,59
806,2,88,2019-09-20 14:46:00,1,1,78
807,4,185,2016-02-25 17:56:00,7,2,76
808,11,70,2019-11-17 04:23:00,2,1,84
809,23,137,2016-03-03 18:57:00,4,2,65
810,24,,2017-04-03 18:28:00,6,2,90
811,8,178,2023-12-20 07:04:00,5,1,98
812,1,27,2023-07-21 18:24:00,5,1,88
813,22,,2017-02-05 01:49:00,7,4,69
814,14,121,2017-12-03 08:01:00,3,3,99
815,15,110,2020-05-03 09:46:00,8,1,57
816,10,35,2021-07-04 21:22:00,3,3,94
817,21,111,2023-06-19 07:30:00,3,1,67
818,6,111,2018-07-17 00:29:00,3,1,60
819,14,76,2018-06-05 09:12:00,5,2,63
820,6,184,2016-03-17 13:14:00,5,3,67
821,8,117,2021-07-01 12:25:00,6,1,65
822,17,91,2022-10-08 09:58:00,8,3,65
823,16,59,2019-10-16 13:56:00,3,1,63
824,9,54,2023-08-08 11:28:00,4,5,84
825,3,64,2017-06-01 10:09:00,8,3,70
826,8,12,2019-06-03 07:37:00,1,3,82
827,13,164,2020-11-21 19:36:00,2,1,64
828,17,163,2020-04-20 15:41:00,2,1,74
829,10,168,2019-07-08 09:02:00,5,2,73
830,20,161,2023-05-09 09:55:00,3,3,74
831,24,40,2020-01-02 22:07:00,6,1,82
832,14,135,2018-08-03 03:40:00,1,1,98
833,15,85,2016-09-20 12:07:00,6,3,82
834,23,78,2021-11-12 14:12:00,2,2,90
835,3,,2020-03-10 14:15:00,10,1,76
836,18,146,2019-01-17 03:12:00,3,2,91
837,6,176,2022-12-13 16:29:00,3,1,59
838,24,141,2022-02-23 22:30:00,8,2,73
839,7,113,2016-01-11 07:46:00,5,1,97
840,18,160,2022-06-17 09:09:00,8,1,81
841,15,190,2019-04-13 11:05:00,2,3,67
842,9,14,2020-12-15 22:56:00,10,1,61
843,5,23,2022-10-30 21:19:00,5,3,61
844,14,43,2023-12-13 16:38:00,3,2,91
845,6,179,2023-09-24 12:11:00,6,1,79
846,12,130,2023-03-07 13:57:00,2,3,72
847,16,31,2017-01-28 03:26:00,5,2,86
848,23,84,2017-09-02 20:20:00,1,1,90
849,3,143,2019-11-14 06:19:00,5,2,70
850,17,151,2020-08-07 13:36:00,14,1,65
851,6,70,2023-01-26 01:33:00,4,2,66
852,4,176,2016-03-11 02:09:00,2,4,95
853,14,69,2016-05-12 22:17:00,6,3,66
854,21,18,2017-08-10 20:51:00,5,2,69
855,17,102,2020-05-26 01:56:00,8,1,50
856,6,95,2017-07-20 21:56:00,6,3,75
857,21,168,2017-01-31 16:09:00,3,3,77
858,11,91,2019-09-13 08:06:00,7,1,79
859,18,12,2020-04-14 20:34:00,10,1,75
860,5,189,2018-03-30 12:06:00,1,3,80
861,6,147,2020-07-26 09:47:00,12,1,87
862,23,95,2016-04-02 10:02:00,7,1,67
863,15,21,2022-08-20 16:10:00,5,2,65
864,12,81,2022-04-12 14:32:00,4,1,60
865,17,118,2017-03-26 05:10:00,6,3,66
866,25,144,2018-08-14 11:33:00,2,3,74
867,24,172,2016-04-16 19:22:00,7,4,73
868,10,69,2023-06-17 06:56:00,2,2,71
869,17,115,2022-02-16 18:40:00,5,1,69
870,11,143,2017-08-09 00:34:00,5,2,84
871,22,33,2016-12-09 18:37:00,3,1,70
872,17,97,2016-10-26 03:23:00,6,2,64
873,19,61,2017-12-16 09:06:00,2,2,70
874,15,157,2016-05-28 05:20:00,1,3,71
875,13,36,2016-06-06 04:53:00,7,1,79
876,20,98,2018-11-05 03:13:00,6,2,81
877,3,172,2023-10-16 02:20:00,8,1,96
878,4,159,2019-08-24 05:12:00,8,2,57
879,20,115,2018-01-24 00:43:00,6,1,79
880,11,77,2019-08-17 11:50:00,1,1,81
881,15,147,2022-10-07 07:53:00,5,2,54
882,4,180,2019-03-31 09:56:00,2,2,62
883,18,161,2019-09-08 23:14:00,7,2,67
884,16,170,2019-01-26 12:17:00,6,2,88
885,14,62,2020-07-15 09:23:00,8,1,45
886,4,163,2020-09-26 07:12:00,16,1,66
887,10,146,2023-08-25 02:10:00,2,1,96
888,11,31,2019-12-15 07:55:00,1,1,64
889,25,75,2017-03-04 17:34:00,3,2,72
890,7,72,2017-08-23 22:39:00,6,2,79
891,14,40,2021-09-28 09:15:00,6,1,69
892,13,180,2022-10-12 19:03:00,5,1,77
893,1,176,2021-08-17 04:48:00,6,2,87
894,8,138,2019-06-15 11:20:00,7,2,72
895,13,70,2019-06-25 15:00:00,4,2,64
896,18,169,2019-01-28 18:53:00,6,1,87
897,5,122,2016-02-03 21:41:00,1,2,85
898,5,92,2016-09-04 09:17:00,7,3,82
899,20,102,2017-06-09 08:50:00,7,3,62
900,8,120,2017-06-26 21:09:00,1,3,93
901,23,41,2020-01-06 01:14:00,8,1,41
902,23,65,2018-12-12 23:41:00,8,1,83
903,25,182,2022-03-25 20:34:00,8,1,78
904,8,170,2019-10-12 12:05:00,2,3,85
905,20,12,2016-06-03 04:58:00,6,3,75
906,17,,2023-04-01 11:49:00,6,2,75
907,10,89,2017-05-04 11:01:00,5,4,68
908,21,93,2019-10-14 13:48:00,3,1,69
909,10,175,2019-11-17 11:15:00,3,1,95
910,9,74,2017-01-22 06:41:00,5,2,60
911,20,39,2017-05-25 05:19:00,3,3,85
912,9,189,2022-04-05 13:05:00,4,1,86
913,11,86,2023-11-15 10:57:00,3,4,64
914,25,68,2023-12-13 06:09:00,7,2,83
915,7,58,2020-08-15 04:58:00,8,1,84
916,6,49,2019-09-17 20:26:00,8,2,84
917,8,74,2019-01-14 18:40:00,7,2,76
918,1,31,2018-04-23 20:25:00,8,2,86
919,4,167,2023-05-05 13:18:00,6,2,80
920,11,176,2018-02-28 21:26:00,2,2,82
921,25,161,2021-05-27 04:48:00,4,4,74
922,17,,2018-09-12 21:39:00,3,2,81
923,3,91,2016-02-04 22:50:00,2,1,64
924,8,46,2021-10-20 04:22:00,5,1,79
925,2,185,2023-07-05 07:29:00,4,3,82
926,3,162,2022-11-07 12:28:00,3,2,78
927,4,173,2021-07-25 16:47:00,5,2,79
928,21,144,2019-08-17 23:06:00,5,3,81
929,9,26,2017-04-18 06:21:00,2,2,62
930,11,160,2023-12-20 04:33:00,5,1,62
931,7,73,2020-11-18 07:14:00,10,1,54
932,20,,2021-02-22 20:00:00,8,2,51
933,3,59,2020-07-27 11:14:00,8,1,65
934,2,37,2021-04-25 23:28:00,5,2,98
935,19,,2016-01-11 19:45:00,8,2,97
936,18,23,2017-10-21 22:11:00,7,4,75
937,19,129,2020-04-13 03:48:00,7,1,62
938,12,129,2020-04-11 04:16:00,11,1,74
939,6,14,2020-06-08 04:15:00,14,1,72
940,21,188,2021-07-05 19:08:00,8,2,84
941,5,140,2016-04-14 07:27:00,1,5,77
942,13,29,2016-07-03 01:33:00,5,2,86
943,1,54,2016-04-18 05:44:00,1,3,51
944,4,182,2017-09-10 12:34:00,8,4,67
945,24,103,2020-08-19 20:21:00,3,1,65
946,20,18,2016-05-13 19:59:00,3,1,81
947,4,77,2019-08-25 23:18:00,3,1,86
948,4,97,2019-12-23 15:40:00,4,1,83
949,24,93,2021-06-05 06:40:00,6,2,88
950,5,103,2018-07-28 16:27:00,4,1,80
951,4,56,2018-03-11 07:36:00,7,2,67
952,15,70,2017-12-12 22:19:00,1,1,97
953,25,19,2017-04-05 22:57:00,8,1,65
954,23,37,2021-03-19 10:19:00,5,3,75
955,23,19,2017-01-05 18:43:00,3,2,84
956,8,124,2023-07-04 02:20:00,1,2,75
957,21,21,2022-08-11 23:37:00,5,2,77
958,7,120,2016-12-09 08:36:00,2,2,94
959,17,23,2017-10-02 17:24:00,4,1,63
960,22,173,2022-10-01 12:42:00,8,1,71
961,2,42,2021-02-27 06:47:00,5,2,70
962,2,,2016-11-01 02:51:00,1,2,85
963,16,119,2020-02-13 13:10:00,8,1,68
964,7,163,2021-12-22 23:41:00,6,2,60
965,4,153,2017-11-23 20:38:00,7,1,67
966,16,88,2020-09-05 15:20:00,9,1,89
967,13,134,2018-12-27 07:45:00,8,2,61
968,7,40,2018-09-08 11:23:00,1,3,68
969,4,159,2022-10-24 12:35:00,8,1,60
970,10,,2020-10-29 19:46:00,7,1,67
971,14,156,2022-11-09 01:50:00,8,2,86
972,9,84,2016-02-12 09:08:00,7,4,67
973,14,51,2020-08-20 04:51:00,4,1,63
974,16,124,2021-11-13 05:13:00,1,2,75
975,15,183,2019-12-18 05:20:00,2,3,92
976,7,79,2017-01-22 18:50:00,5,2,52
977,16,143,2021-05-08 22:07:00,3,3,68
978,15,180,2019-09-17 02:36:00,3,3,85
979,21,87,2019-09-18 16:08:00,1,1,78
980,17,106,2016-04-05 14:11:00,7,2,79
981,19,162,2022-05-10 11:11:00,2,4,73
982,17,167,2023-07-25 05:32:00,6,1,81
983,20,,2016-04-29 10:27:00,6,2,72
984,18,31,2021-09-03 16:23:00,4,2,57
985,4,119,2021-03-11 11:45:00,4,1,88
986,17,79,2021-06-10 14:56:00,5,1,71
987,16,190,2020-01-05 05:41:00,7,1,81
988,20,110,2018-12-11 17:20:00,2,2,74
989,3,37,2019-02-15 13:47:00,3,3,62
990,6,20,2018-03-17 07:19:00,3,1,56
991,21,126,2016-03-07 07:14:00,7,3,64
992,12,101,2019-05-12 14:52:00,1,1,70
993,17,158,2021-02-26 17:33:00,7,2,80
994,16,175,2020-09-29 18:57:00,13,1,54
995,9,148,2017-10-24 15:46:00,6,2,61
996,12,79,2018-04-10 23:09:00,3,4,82
997,10,159,2017-06-16 14:58:00,3,4,81
998,6,122,2017-11-26 03:49:00,1,2,64
999,12,51,2017-06-23 02:23:00,1,2,81
